,Production Budget,Director Twitter following,Top 3,Cast Twitter Following,Avg English Score,Rare English Score,Common English Score
0,90000000.0,11112,205321.0,417872.0,14521.461538461499,100000.0,127.333333333333
1,150000000.0,1177223,11784.0,3516975.0,28088.75,100000.0,191.0
2,150000000.0,5870,325.0,20456058.0,20274.2857142857,76070.6666666667,573.333333333333
3,150000000.0,184509,412196.0,1561794.0,19790.4090909091,100000.0,130.666666666667
4,165000000.0,3116066,889034.0,10136676.0,26858.1666666667,97542.0,504.333333333333
5,165000000.0,24804,14445508.0,43336986.0,17162.0,74575.3333333333,403.333333333333
6,175000000.0,624,2115622.0,20849352.0,16562.9545454545,100000.0,100.0
7,125000000.0,221,522770.0,1667319.0,25322.4375,96542.3333333333,93.6666666666667
8,150000000.0,2409,42.0,87708933.0,22048.235294117596,100000.0,56.6666666666667
9,150000000.0,12317,11316462.0,34096380.0,31767.7142857143,100000.0,66.0
10,150000000.0,15856,27139.0,351774.0,20565.8333333333,70891.0,854.333333333333
11,170000000.0,97918,244532.0,788874.0,11424.166666666699,47569.0,324.0
12,90000000.0,183,900320.0,5226567.0,15486.0,61327.6666666667,173.0
13,95000000.0,41892,10923.0,13700712.0,17752.375,73749.3333333333,124.0
14,100000000.0,1019864,39504.0,16650258.0,27175.0,100000.0,75.0
15,165000000.0,16585,2770605.0,10819032.0,19374.352941176498,77493.6666666667,113.333333333333
16,150000000.0,146723,4574969.0,13727142.0,10639.6666666667,36578.6666666667,292.0
17,165000000.0,1725,578730.0,1741404.0,38370.15,100000.0,129.0
18,165000000.0,105336,1931804.0,5796399.0,26531.7,100000.0,54.0
19,100000000.0,2550241,19342.0,19974192.0,30412.052631578907,100000.0,61.3333333333333
20,155000000.0,1786,5681514.0,17069313.0,19988.75,100000.0,138.0
21,95000000.0,22685,74336.0,224826.0,18099.380952381,100000.0,434.333333333333
22,110000000.0,2409,48677.0,3394718.0,29096.2105263158,100000.0,313.0
23,165000000.0,113885,111552.0,344694.0,22525.769230769198,88756.3333333333,278.66666666666697
24,150000000.0,10437,63780.0,797664.0,28008.3333333333,100000.0,109.666666666667
25,90000000.0,495,287257.0,23454357.0,13105.3076923077,52932.3333333333,225.666666666667
26,150000000.0,34713,110.0,239361.0,19296.125,75557.3333333333,153.333333333333
27,145000000.0,327,2398.0,251070.0,35221.75,100000.0,96.3333333333333
28,190000000.0,146723,1644411.0,4936782.0,19342.8260869565,100000.0,261.66666666666697
29,150000000.0,105336,101365.0,28932483.0,13792.8571428571,77798.6666666667,178.666666666667
30,150000000.0,522,627.0,7785384.0,11538.9473684211,61702.6666666667,158.666666666667
31,106000000.0,10437,111783.0,338049.0,15120.8076923077,100000.0,76.0
32,138000000.0,700286,318718.0,1058121.0,23964.4782608696,100000.0,76.0
33,90000000.0,5746568,6000142.0,41161294.0,23603.1875,100000.0,165.0
34,95000000.0,15318,1023423.0,3473622.0,27286.444444444398,100000.0,186.333333333333
35,170000000.0,4650,3287.0,64850310.0,19731.8846153846,100000.0,66.6666666666667
36,95000000.0,0,135802.0,3796926.0,17768.28,91899.3333333333,225.666666666667
37,170000000.0,5541,26392.0,139548.0,19052.4166666667,61375.3333333333,110.666666666667
38,110000000.0,522,3668.0,11711094.0,30380.263157894704,100000.0,356.333333333333
39,100000000.0,82,4788.0,533565.0,26902.8947368421,100000.0,625.666666666667
40,150000000.0,3943,16029766.0,48089454.0,22457.7826086957,100000.0,119.0
41,110000000.0,36317,924602.0,2854380.0,19071.8333333333,100000.0,105.666666666667
42,144000000.0,2179331,2027802.0,6138105.0,28492.6,100000.0,611.333333333333
43,90000000.0,42,851379.0,6453538.0,22800.2142857143,85258.3333333333,102.666666666667
44,200000000.0,827,8147.0,48808119.0,26351.25,100000.0,634.666666666667
45,102000000.0,390,708755.0,33364204.0,11419.833333333301,75051.3333333333,65.6666666666667
46,150000000.0,53,471033.0,1413969.0,13898.1333333333,52319.6666666667,256.33333333333303
47,180000000.0,6390,65545.0,10274997.0,25133.368421052597,100000.0,296.0
48,150000000.0,2611411,90607.0,355806.0,17659.6666666667,78161.3333333333,130.333333333333
49,140000000.0,513,2741970.0,8455707.0,23881.6363636364,100000.0,566.666666666667
50,120000000.0,2,1131278.0,12477234.0,10046.7857142857,72560.6666666667,54.0
51,160000000.0,349036,515462.0,1566828.0,25799.6363636364,100000.0,95.3333333333333
52,120000000.0,38,113165.0,798336.0,36146.8235294118,100000.0,315.66666666666697
53,100000000.0,34,709.0,57943740.0,27972.6666666667,82010.6666666667,1775.66666666667
54,150000000.0,24585,540196.0,43700286.0,26302.3636363636,100000.0,219.0
55,102500000.0,24172,49034.0,273888.0,24903.0,100000.0,114.0
56,175000000.0,3489,142673.0,443187.0,33108.9411764706,100000.0,186.666666666667
57,90000000.0,839,1372196.0,8067630.0,19687.44,100000.0,74.0
58,85000000.0,8144,1210029.0,3790902.0,22531.4814814815,100000.0,48.0
59,140000000.0,5870,7019041.0,24298161.0,25493.5384615385,100000.0,31.3333333333333
60,91000000.0,5746568,518.0,17338383.0,16150.7272727273,100000.0,80.6666666666667
61,137500000.0,232,235189.0,6608619.0,22481.6875,100000.0,158.666666666667
62,90000000.0,5366,3693861.0,17404392.0,14402.3913043478,77851.6666666667,132.666666666667
63,160000000.0,3116066,24918625.0,74861985.0,22350.470588235297,100000.0,94.6666666666667
64,95000000.0,393,994923.0,6935811.0,25874.928571428598,100000.0,482.666666666667
65,179000000.0,337,22068.0,14788554.0,14413.470588235301,68183.0,127.666666666667
66,90000000.0,15856,5056.0,50169.0,39370.9375,100000.0,270.66666666666697
67,200000000.0,1261924,5740.0,54920520.0,18594.7142857143,100000.0,70.6666666666667
68,140000000.0,5648,400957.0,1202985.0,23958.8947368421,100000.0,96.0
69,175000000.0,445299,6877504.0,20716497.0,18722.45,100000.0,37.0
70,125000000.0,4188,1861.0,7278801.0,19940.8148148148,100000.0,46.6666666666667
71,90000000.0,6390,3926418.0,69477567.0,16039.538461538501,56493.3333333333,441.666666666667
72,0.0,677481,8993140.0,26997861.0,16002.571428571398,66954.0,107.666666666667
73,135000000.0,1321,7717118.0,23153286.0,34139.64,100000.0,90.0
74,90000000.0,393,630021.0,9264906.0,20801.6,82953.3333333333,131.333333333333
75,130000000.0,60163,1246.0,42085914.0,18454.611111111102,100000.0,66.6666666666667
76,105000000.0,3943,42880301.0,128641686.0,14596.1052631579,74049.3333333333,119.0
77,125000000.0,92,26574.0,21439032.0,23729.157894736803,100000.0,73.3333333333333
78,0.0,88925,5477436.0,17953788.0,28794.736842105296,100000.0,86.3333333333333
79,100000000.0,1141,3642678.0,12045534.0,29111.56,100000.0,84.0
80,100000000.0,227711,121280.0,28260472.0,26195.7619047619,100000.0,233.0
81,130000000.0,40,208.0,1306134.0,22631.9,66869.0,672.666666666667
82,130000000.0,423,570.0,18631857.0,26017.9047619048,100000.0,30.6666666666667
83,232000000.0,22005,327903.0,14627796.0,27372.7857142857,100000.0,136.0
84,185000000.0,79953,1205040.0,7166982.0,17343.45,80102.3333333333,210.666666666667
85,110000000.0,234238,1211540.0,46564383.0,22210.823529411802,100000.0,48.6666666666667
86,120000000.0,1271,55634.0,1721250.0,30590.8461538462,100000.0,134.333333333333
87,85000000.0,1177223,894550.0,46740774.0,20379.4736842105,100000.0,70.3333333333333
88,125000000.0,8002,78704142.0,236112435.0,29680.235294117596,100000.0,207.0
89,130000000.0,184509,8140186.0,24421494.0,24729.1923076923,100000.0,37.6666666666667
90,0.0,29249,5106398.0,15326379.0,20062.388888888898,79211.6666666667,67.0
91,120000000.0,90412,2307.0,102081.0,19032.25,100000.0,27.6666666666667
92,140000000.0,13527,11357.0,64755219.0,25236.36,100000.0,121.666666666667
93,120000000.0,211,254025.0,20968896.0,17398.0,69825.6666666667,307.33333333333303
94,110000000.0,3287,8462194.0,25392234.0,18472.5454545455,100000.0,28.3333333333333
95,190000000.0,60163,194549.0,38854640.0,19873.3125,81722.0,391.666666666667
96,130000000.0,2057,147255012.0,441774567.0,16090.1428571429,68780.6666666667,47.3333333333333
97,275000000.0,3309,51204.0,1495038.0,25445.04,100000.0,428.0
98,85000000.0,700,2112188.0,6369333.0,17053.5,100000.0,84.3333333333333
99,130000000.0,8,83361.0,277416.0,16663.0625,64680.3333333333,223.0
100,210000000.0,20917,567.0,16567278.0,18588.1428571429,100000.0,96.3333333333333
101,180000000.0,36170,4427.0,13731.0,22488.133333333306,86433.6666666667,145.0
102,110000000.0,5698,8950.0,3942399.0,31874.764705882404,100000.0,544.333333333333
103,100000000.0,1083,971710.0,17255538.0,28783.6,100000.0,153.0
104,190000000.0,5870,4592.0,6806676.0,26746.8181818182,100000.0,125.333333333333
105,127000000.0,234238,873360.0,19935180.0,18719.5625,74669.6666666667,878.666666666667
106,200000000.0,104324,5125.0,53820.0,32635.4347826087,100000.0,32.0
107,110000000.0,4188,470348.0,1427802.0,31804.8571428571,100000.0,240.0
108,220000000.0,522,95214065.0,285651111.0,12322.1428571429,48952.0,483.666666666667
109,0.0,1971,3701596.0,11107107.0,13758.821428571398,86465.6666666667,103.0
110,140000000.0,557522,202021.0,57132429.0,29834.0625,100000.0,108.0
111,120000000.0,8,21937.0,59346.0,20052.769230769198,72626.6666666667,414.666666666667
112,90000000.0,557522,562.0,18959163.0,24006.9230769231,85548.0,149.666666666667
113,186000000.0,1261924,3182112.0,54072414.0,24527.3333333333,100000.0,674.333333333333
114,125000000.0,20917,751686.0,2270964.0,16396.2142857143,70284.6666666667,379.333333333333
115,94000000.0,836,8742603.0,28041456.0,25205.428571428598,100000.0,380.333333333333
116,115000000.0,3949,38127.0,42189303.0,25059.5384615385,85436.0,318.33333333333303
117,100000000.0,21745,29254095.0,58512414.0,16351.1875,71255.0,328.33333333333303
118,125000000.0,1522,271451.0,6089958.0,22483.352941176494,98204.0,68.6666666666667
119,93000000.0,495,92562.0,952344.0,27101.2666666667,100000.0,401.666666666667
120,205000000.0,48746,16921.0,58017.0,20098.05,100000.0,131.666666666667
121,110000000.0,3991,2672850.0,50258766.0,24672.555555555602,100000.0,95.0
122,190000000.0,1967244,4026373.0,12255009.0,14340.217391304299,74844.3333333333,104.666666666667
123,185000000.0,34769,239427.0,724896.0,17192.2916666667,81826.3333333333,78.3333333333333
124,190000000.0,508,16571.0,296484.0,20027.4285714286,83351.6666666667,136.0
125,125000000.0,232,2568.0,22338.0,31612.5384615385,91774.6666666667,802.333333333333
126,95000000.0,12317,433377.0,1307736.0,20558.769230769198,100000.0,81.0
127,105000000.0,952,865319.0,2596590.0,25500.1538461538,78145.6666666667,819.666666666667
128,130000000.0,46892,879661.0,2654382.0,22901.8571428571,100000.0,190.333333333333
129,90000000.0,2014,1913519.0,5802186.0,29161.157894736803,100000.0,377.666666666667
130,135000000.0,671,382202.0,58884972.0,21826.875,85767.3333333333,192.0
131,140000000.0,869,210782.0,7973814.0,31253.3181818182,100000.0,66.6666666666667
132,225000000.0,700286,2421.0,159864.0,14742.5217391304,81161.0,151.666666666667
133,260000000.0,789,3948069.0,11877762.0,25548.421052631602,100000.0,44.3333333333333
134,178000000.0,22005,926849.0,2989164.0,38409.3529411765,100000.0,83.3333333333333
135,110000000.0,330261,7515.0,146871.0,13927.7,44353.6666666667,171.666666666667
136,125000000.0,79953,700438.0,52335672.0,21098.1052631579,94372.0,558.0
137,108000000.0,20917,242520.0,3203973.0,15785.166666666699,78158.6666666667,78.6666666666667
138,102000000.0,827,298368.0,895836.0,16713.52,100000.0,108.0
139,130000000.0,2611411,65.0,14720337.0,46833.3125,100000.0,1945.33333333333
140,185000000.0,3116066,648796.0,1976832.0,19977.7391304348,100000.0,58.0
141,185000000.0,5648,25642.0,1781232.0,25359.3333333333,100000.0,200.666666666667
142,200000000.0,9755,674719.0,2059155.0,30380.7142857143,100000.0,171.0
143,220000000.0,57575,1788.0,36914.0,26076.45,100000.0,478.333333333333
144,120000000.0,671,76682.0,245568.0,18913.76,100000.0,78.6666666666667
145,175000000.0,3489,12507740.0,37789965.0,16624.52,100000.0,84.0
146,200000000.0,57575,4718884.0,14191137.0,26704.5,100000.0,68.0
147,200000000.0,22005,7387950.0,64238772.0,18823.6875,85436.0,160.0
148,180000000.0,1327,203607.0,674031.0,15400.222222222199,78299.6666666667,30.6666666666667
149,200000000.0,3309,81333641.0,244003176.0,19979.2380952381,100000.0,112.666666666667
150,250000000.0,700286,3009666.0,9030684.0,22892.647058823506,92496.0,143.0
151,125000000.0,2550241,10079.0,40010970.0,12194.416666666699,74750.6666666667,49.6666666666667
152,258000000.0,10432,493957.0,1499840.0,15442.315789473701,74675.3333333333,65.0
153,180000000.0,36170,1760599.0,5283900.0,21063.6,100000.0,59.0
154,200000000.0,105336,16244610.0,5306514.0,14082.071428571398,52561.6666666667,238.333333333333
155,175000000.0,1261924,517486.0,9811266.0,32738.8333333333,100000.0,250.0
156,275000000.0,3116066,29487.0,119232.0,22547.0769230769,100000.0,242.333333333333
157,200000000.0,172177,7253816.0,69673140.0,27876.7142857143,100000.0,131.0
158,300000000.0,3140,8613.0,59361.0,15816.1290322581,100000.0,93.3333333333333
159,250000000.0,41892,4037106.0,8536458.0,14108.5333333333,61445.6666666667,318.66666666666697
160,250000000.0,41892,50.0,8512028.0,41344.736842105296,100000.0,502.666666666667
161,250000000.0,41892,456010.0,8961704.0,37301.7619047619,100000.0,131.0
162,250000000.0,4650,27929830.0,83904477.0,21198.7142857143,88411.3333333333,284.33333333333303
163,195000000.0,88925,3336.0,14102268.0,41006.0769230769,100000.0,783.0
164,410600000.0,2609,25922.0,78807.0,31595.2142857143,100000.0,1049.3333333333298
165,200000000.0,3140,44339.0,243906.0,24787.8181818182,100000.0,199.333333333333
166,210000000.0,88925,126753.0,12080349.0,24860.9615384615,100000.0,155.333333333333
167,225000000.0,251906,33040990.0,66161514.0,21281.0,85359.6666666667,205.666666666667
168,330600000.0,251906,12835255.0,122175957.0,26423.2222222222,100000.0,137.333333333333
169,215000000.0,65245,167554.0,23733840.0,17046.2857142857,78908.0,247.0
170,425000000.0,706851,1018708.0,6618726.0,14414.117647058798,68231.3333333333,115.666666666667
171,9000000.0,184509,121114.0,247662.0,20615.111111111102,100000.0,64.0
172,75000000.0,184505,19397913.0,58313040.0,30917.6086956522,100000.0,87.3333333333333
173,30000000.0,36725,2233935.0,6702027.0,18408.2222222222,45603.0,1624.66666666667
174,0.0,1732,76376.0,76578.0,27884.6296296296,100000.0,67.3333333333333
175,0.0,16771,5290283.0,15932856.0,36410.411764705896,100000.0,234.333333333333
176,25000000.0,3818,7029512.0,21934110.0,21322.75,100000.0,117.666666666667
177,200000000.0,4851,3443082.0,10331166.0,16515.8125,72134.6666666667,301.66666666666697
178,0.0,626552,59063.0,177348.0,13266.3571428571,100000.0,71.6666666666667
179,75000000.0,60,36857513.0,110954595.0,24796.0,95598.6666666667,351.0
180,40000000.0,24352,175734.0,535179.0,21664.96,100000.0,91.3333333333333
181,12000000.0,17847,4996.0,10212.0,17565.5769230769,100000.0,36.3333333333333
182,47000000.0,886,5350187.0,16052355.0,16849.6842105263,84409.0,155.0
183,0.0,1334,219372.0,8127690.0,19851.5789473684,80992.0,948.0
184,9000000.0,539,837272.0,837839.0,18412.8461538462,71294.0,162.333333333333
185,0.0,8002,13792222.0,41377338.0,29273.0416666667,100000.0,92.3333333333333
186,0.0,98,19776.0,19780.0,16428.1739130435,79358.6666666667,79.0
187,0.0,4755738,11445537.0,34483680.0,17128.9375,73925.6666666667,57.0
188,0.0,285,78106.0,159588.0,15904.1333333333,71979.6666666667,127.666666666667
189,20000000.0,3264,4111463.0,4112073.0,31002.8,100000.0,99.3333333333333
190,125000000.0,13,47049.0,143847.0,24757.055555555602,94881.0,438.0
191,38000000.0,849,1398282.0,1399530.0,18322.2222222222,73667.6666666667,165.333333333333
192,0.0,125598,65228.0,152302.0,29276.941176470602,100000.0,781.666666666667
193,58000000.0,1449,15721716.0,47358915.0,18413.5625,73987.0,467.0
194,40000000.0,839,1461127.0,4385478.0,21373.3,100000.0,233.666666666667
196,19000000.0,639,12916500.0,38749515.0,20551.5714285714,46436.6666666667,510.333333333333
197,4000000.0,183530,309624.0,309850.0,23671.375,100000.0,130.333333333333
199,0.0,1323,2345366.0,7082469.0,26651.4230769231,100000.0,34.6666666666667
200,0.0,805,450507.0,458927.0,31495.5,100000.0,171.666666666667
201,0.0,16503,820070.0,1641336.0,25054.9166666667,100000.0,27.6666666666667
202,40000000.0,470,81300.0,246042.0,10970.909090909101,69837.3333333333,46.6666666666667
203,0.0,30134,766927.0,784484.0,33420.285714285696,100000.0,142.333333333333
204,245000000.0,5870,1490755.0,4479135.0,15707.1304347826,98472.6666666667,46.3333333333333
205,35000000.0,6029,440215.0,1427838.0,41626.3333333333,100000.0,228.666666666667
206,25000000.0,1429,4021839.0,8088582.0,20698.7,67893.0,144.0
207,20000000.0,38,279000.0,2178426.0,27162.555555555602,78462.6666666667,369.333333333333
208,0.0,6390,277376.0,840105.0,23061.6842105263,100000.0,139.666666666667
209,9900000.0,24350,522399.0,1579314.0,22228.5625,100000.0,188.666666666667
210,20000000.0,3,2172940.0,4346702.0,23879.230769230802,100000.0,93.6666666666667
211,0.0,3,17159.0,2922348.0,21528.388888888898,94471.6666666667,240.666666666667
212,60000000.0,6013,15971221.0,31974018.0,25822.380952381,100000.0,116.666666666667
213,0.0,26221,3029835.0,9089955.0,17789.5,85408.6666666667,182.0
214,45000000.0,574,694219.0,2084811.0,23091.9230769231,89247.0,251.666666666667
215,40000000.0,475,88655.0,268950.0,27014.176470588198,100000.0,252.333333333333
216,0.0,3116066,14629523.0,44038314.0,22567.909090909103,76266.3333333333,570.0
217,45000000.0,522,3994587.0,11990766.0,37001.2,100000.0,256.0
218,0.0,1218,2276304.0,2280009.0,17413.3846153846,70967.0,115.666666666667
219,0.0,8,5486.0,11070.0,17678.3846153846,69480.6666666667,244.666666666667
220,36000000.0,18029,2065300.0,4186590.0,11804.48,82186.3333333333,77.0
221,300000000.0,405,136383.0,480720.0,17379.08,100000.0,58.3333333333333
222,70000000.0,21745,297987.0,1126245.0,27424.6363636364,100000.0,102.666666666667
223,225000000.0,405,420.0,480939.0,22492.263157894704,100000.0,285.0
224,0.0,2165,36172.0,73312.0,10599.8333333333,69719.0,124.333333333333
225,61000000.0,15856,32869570.0,107505915.0,20137.944444444398,100000.0,56.3333333333333
226,190000000.0,5013,3109982.0,51351858.0,38476.7,100000.0,2103.3333333333303
227,0.0,2971762,106229.0,6143928.0,26949.823529411802,100000.0,142.0
228,44000000.0,21745,8271385.0,24814830.0,17749.0,79137.3333333333,374.0
229,44000000.0,3623,7973484.0,32824662.0,22344.0,100000.0,111.666666666667
230,46000000.0,886,14025673.0,45941925.0,19233.2631578947,100000.0,249.333333333333
231,25000000.0,574,8836.0,1865381.0,18701.8076923077,100000.0,103.333333333333
232,0.0,571,5227835.0,15683982.0,38047.6818181818,100000.0,161.333333333333
233,50000000.0,31336,5546204.0,16681449.0,24308.470588235297,100000.0,245.333333333333
234,0.0,745457,1131602.0,3395103.0,20466.375,100000.0,75.3333333333333
235,0.0,198,18007.0,54240.0,18449.7894736842,90370.0,664.0
236,0.0,29,106506.0,320070.0,7713.20833333333,50357.0,49.3333333333333
237,0.0,29,22806.0,1456425.0,42710.9,97624.0,3373.333333333331
238,0.0,276,2101129.0,6307338.0,13344.363636363601,41629.0,484.0
239,75000000.0,39791,279823.0,884751.0,26521.2173913043,100000.0,241.333333333333
240,12000000.0,2159,415638.0,1984413.0,19888.2941176471,100000.0,132.666666666667
242,0.0,194047,321751.0,321814.0,13612.75,35997.0,78.3333333333333
243,15000000.0,2655,15161.0,63198.0,31885.125,100000.0,169.666666666667
244,5000000.0,4501,688594.0,2155803.0,25609.6296296296,100000.0,103.0
245,20000000.0,7937,2224466.0,787419.0,24117.176470588198,100000.0,58.0
246,0.0,7937,18487285.0,42989452.0,26593.8,75779.6666666667,178.0
247,65000000.0,700286,1815158.0,5480127.0,44266.8333333333,100000.0,290.66666666666697
248,0.0,36170,29518560.0,88574748.0,38946.4444444444,100000.0,730.333333333333
249,45000000.0,7937,2687080.0,3029008.0,14100.434782608701,86481.0,95.0
250,0.0,53123,508256.0,1020300.0,19442.1052631579,100000.0,131.333333333333
251,0.0,25082,25624581.0,76877697.0,24014.3125,100000.0,378.666666666667
252,0.0,47458,16294.0,227823.0,12318.9444444444,68325.6666666667,91.6666666666667
253,110000000.0,34713,367437.0,25894785.0,16860.8076923077,100000.0,43.3333333333333
254,33000000.0,6017,18710094.0,78206640.0,27703.5217391304,100000.0,149.333333333333
256,19000000.0,3536,3711370.0,11134641.0,21995.7272727273,100000.0,104.0
257,52000000.0,3033,719578.0,2163453.0,21381.6875,100000.0,148.0
258,24000000.0,24068,16522.0,1272597.0,36479.785714285696,100000.0,112.0
259,50000000.0,2609,102007.0,22382373.0,11024.0555555556,46602.0,170.666666666667
260,17000000.0,3846,1333042.0,4003803.0,20459.5,100000.0,139.666666666667
261,3300000.0,36725,1482333.0,2969336.0,29269.6842105263,100000.0,195.333333333333
262,15000000.0,659,152952.0,7145589.0,16266.7307692308,79211.6666666667,117.666666666667
263,0.0,261,52422.0,240237.0,13331.777777777801,63026.6666666667,215.666666666667
264,80000000.0,6390,12247.0,50975856.0,44110.0,100000.0,1983.33333333333
265,0.0,20330,1136659.0,3418116.0,20300.9230769231,73987.3333333333,67.3333333333333
266,15000000.0,5366,300791.0,601894.0,16513.8,72451.6666666667,125.0
267,28000000.0,1019864,5797001.0,24322023.0,26115.2105263158,100000.0,175.333333333333
268,0.0,39354,2003051.0,2003901.0,13465.666666666699,39440.6666666667,116.0
269,0.0,1231,596.0,1794.0,28194.25,87483.6666666667,383.0
270,9000000.0,1407,1533163.0,3071760.0,30429.0666666667,100000.0,157.333333333333
271,20000000.0,32870,90485.0,4765504.0,22608.75,100000.0,146.666666666667
272,75000000.0,2550241,5174.0,48598854.0,20412.0434782609,100000.0,161.333333333333
273,78000000.0,1173,4440876.0,14736417.0,29517.1739130435,100000.0,179.0
275,30000000.0,886,1399.0,1889277.0,16314.588235294099,76000.0,120.333333333333
276,0.0,3362363,545056.0,1635177.0,30035.551724137906,100000.0,46.0
277,0.0,3362363,91384.0,276948.0,17734.5882352941,75531.0,187.0
278,50000000.0,1967244,6650227.0,26645481.0,21921.3333333333,100000.0,42.3333333333333
279,60000000.0,508,310.0,19524.0,24383.428571428598,100000.0,109.666666666667
280,0.0,508,7375066.0,22134921.0,18393.0434782609,88926.6666666667,185.0
281,0.0,16,313469.0,627524.0,13886.9523809524,74051.6666666667,188.333333333333
282,0.0,20632,1964867.0,6626196.0,30525.928571428598,100000.0,359.0
283,60000000.0,34,7737437.0,23213172.0,15352.615384615401,100000.0,61.6666666666667
284,37000000.0,17406,668601.0,2784987.0,16099.666666666699,45377.3333333333,370.0
285,11000000.0,44786,15180316.0,45550302.0,25886.8125,89469.0,442.333333333333
286,50000000.0,88925,2380602.0,7156293.0,25919.1538461538,100000.0,205.666666666667
287,8500000.0,269,292242.0,881340.0,18895.3333333333,100000.0,83.0
288,60000000.0,730,2490053.0,9587055.0,13402.789473684199,70532.3333333333,89.3333333333333
289,0.0,2368,86971.0,182758.0,25147.409090909103,100000.0,99.0
290,23000000.0,864,2795.0,160455.0,9460.30769230769,37281.6666666667,98.6666666666667
291,40000000.0,5013,234943.0,1095291.0,8980.33333333333,44171.0,204.666666666667
292,35000000.0,191,60899.0,122204.0,23554.85,100000.0,154.0
293,4000000.0,6548,96157.0,203440.0,23385.6428571429,100000.0,99.0
294,0.0,2258,90262.0,200040.0,26349.551724137906,100000.0,74.3333333333333
295,0.0,3251,253317.0,506638.0,29288.047619047597,100000.0,140.0
296,3000000.0,1148,606.0,507142.0,15285.15,78285.3333333333,330.0
297,0.0,671,42597.0,86314.0,22052.28,100000.0,174.0
298,55000000.0,1967244,143.0,16161915.0,18079.5384615385,100000.0,140.666666666667
299,15000000.0,53123,2207894.0,12348310.0,30058.3846153846,100000.0,1389.0
300,35000000.0,2388864,5255012.0,21733374.0,22022.625,100000.0,113.666666666667
301,20000000.0,659,7692.0,121586.0,12059.5333333333,46481.0,379.666666666667
302,0.0,2309,65323.0,66660.0,18789.1875,91425.3333333333,98.6666666666667
303,0.0,25270,6971613.0,21082185.0,19958.2857142857,100000.0,154.666666666667
304,8000000.0,1003,250632.0,924201.0,25634.9166666667,90004.3333333333,121.666666666667
305,25000000.0,3623,918853.0,2873379.0,19569.3703703704,100000.0,160.0
307,0.0,30134,150749.0,453618.0,23175.354838709703,100000.0,99.3333333333333
308,0.0,3287,116059.0,367839.0,19508.1875,77280.0,146.0
309,50000000.0,16,14029138.0,149451945.0,38665.8666666667,100000.0,120.0
310,40000000.0,405,407283.0,1221915.0,25435.730769230802,100000.0,200.666666666667
311,40000000.0,159814,6443268.0,19331901.0,21123.5714285714,100000.0,68.0
312,0.0,266,288396.0,4503669.0,21962.8,100000.0,100.333333333333
313,160000000.0,836,651692.0,3577482.0,22089.6,100000.0,93.6666666666667
314,0.0,266,7690.0,15514.0,25670.125,88071.3333333333,180.333333333333
315,0.0,19697,199248.0,606480.0,17715.2857142857,72193.0,162.333333333333
316,32500000.0,2179331,1602610.0,3212938.0,39898.75,100000.0,379.666666666667
317,0.0,8796,93604.0,294678.0,16532.2666666667,71495.0,233.333333333333
318,5000000.0,36178,70389571.0,70458625.0,15703.0909090909,85286.0,179.0
319,30000000.0,9263,30960.0,24885354.0,18345.6,74464.6666666667,115.0
320,0.0,1345,10780.0,21674.0,14409.6,66173.0,207.0
321,30000000.0,836,3052111.0,6104644.0,19425.1363636364,100000.0,85.3333333333333
322,0.0,8292,80346.0,300720.0,34468.5,100000.0,322.66666666666697
323,120000000.0,5569,650832.0,1987296.0,32558.1176470588,100000.0,186.333333333333
324,0.0,949,9974.0,78740.0,11700.1,37260.0,228.0
325,37000000.0,16,4677754.0,9388058.0,16855.1875,71810.3333333333,117.666666666667
326,0.0,220,540108.0,541693.0,20139.12,100000.0,154.333333333333
328,40000000.0,2,1341949.0,4031499.0,14980.2307692308,47951.3333333333,197.333333333333
329,0.0,1327,235174.0,721428.0,15120.7,45758.6666666667,260.33333333333303
330,19000000.0,1967244,61852.0,185880.0,36346.117647058796,100000.0,136.666666666667
331,0.0,1587,1064907.0,3196875.0,23427.264705882404,100000.0,30.0
332,40000000.0,24352,9862.0,30216.0,14662.68,79312.6666666667,112.0
333,0.0,58497,1435408.0,61313068.0,17833.0909090909,57191.3333333333,74.0
334,0.0,8064,68157.0,204945.0,21876.9130434783,100000.0,156.666666666667
335,15000000.0,19783,176715.0,1170099.0,13583.75,47806.0,177.0
336,25000000.0,13040,988.0,3679479.0,22158.3333333333,100000.0,65.6666666666667
337,0.0,448,115332.0,375240.0,14344.8695652174,79439.0,69.0
338,68000000.0,445299,1317014.0,5952090.0,23088.0,100000.0,232.666666666667
339,0.0,0,4509998.0,14580999.0,18886.3636363636,100000.0,268.66666666666697
340,61000000.0,18170,3276026.0,51962943.0,26137.4,100000.0,142.0
341,76000000.0,330261,855107.0,4389006.0,20619.35,100000.0,108.666666666667
342,0.0,37018,29140.0,11330.0,18978.4705882353,100000.0,86.0
343,65000000.0,2179331,1183.0,4196985.0,24216.555555555602,100000.0,105.0
344,0.0,29584,3123938.0,9371814.0,37047.3846153846,100000.0,155.666666666667
345,0.0,2,29118.0,87774.0,22364.125,100000.0,103.666666666667
346,0.0,1030,8268.0,17018.0,28164.4666666667,100000.0,149.333333333333
347,28000000.0,23,60430.0,181314.0,27229.0,100000.0,107.333333333333
348,20000000.0,5013,248398.0,1135656.0,18605.3846153846,63459.3333333333,226.0
349,35000000.0,571,3478182.0,4599433.0,12679.545454545501,76310.0,89.0
350,4900000.0,46801,734935.0,890736.0,21088.444444444398,100000.0,203.333333333333
351,0.0,0,93849.0,1107836.0,18120.52,100000.0,92.0
352,18000000.0,671,5443181.0,17827104.0,18972.7222222222,100000.0,218.0
353,13000000.0,257011,15991.0,129978.0,27973.555555555602,100000.0,220.333333333333
354,0.0,42706,966778.0,1974058.0,13237.333333333301,38803.3333333333,212.0
355,0.0,8982,1893.0,595366.0,34647.0,100000.0,629.0
356,0.0,274875,211820.0,1394355.0,13350.333333333301,73350.6666666667,91.0
357,25000000.0,14,16227490.0,18255320.0,29989.625,100000.0,508.333333333333
358,0.0,15065,1802380.0,1802394.0,22138.7727272727,100000.0,212.333333333333
359,42000000.0,71595,14889605.0,48694473.0,15988.4,71779.0,102.666666666667
360,0.0,61417,66602.0,243222.0,16148.1875,70839.6666666667,112.0
361,0.0,4709,11798581.0,35401425.0,21188.0476190476,100000.0,189.333333333333
362,50000000.0,71595,14889605.0,48332169.0,26230.380952381,100000.0,116.0
363,65000000.0,15856,269442.0,63446511.0,30155.0869565217,100000.0,305.66666666666697
364,0.0,72,2327690.0,2528045.0,29007.0,100000.0,111.0
365,200000000.0,31336,811083.0,54988815.0,24639.941176470602,100000.0,116.666666666667
366,75000000.0,232,5427769.0,35164653.0,26074.375,100000.0,376.333333333333
367,0.0,21745,689866.0,690091.0,25758.15,100000.0,141.666666666667
368,0.0,18170,156530.0,731853.0,24106.5217391304,85623.0,143.666666666667
369,82000000.0,700286,7298412.0,14598234.0,20049.4705882353,83352.0,212.666666666667
370,40000000.0,32870,2298483.0,11553330.0,12341.4375,50683.6666666667,74.6666666666667
371,0.0,1483,11649.0,10524192.0,25287.1904761905,100000.0,74.0
372,0.0,15401,37627.0,147405.0,13499.25,71332.0,124.666666666667
373,0.0,15401,44436.0,133308.0,28197.928571428598,100000.0,708.333333333333
374,17000000.0,117724,3830714.0,33568494.0,31704.24,100000.0,89.0
375,0.0,1886,92.0,58628.0,11935.4,76111.3333333333,103.0
376,0.0,952,277178.0,2135534.0,19207.1875,88014.3333333333,116.666666666667
377,35000000.0,18029,343640.0,886070.0,21293.7058823529,100000.0,75.3333333333333
378,25000000.0,13856,3406.0,7122.0,24474.0666666667,100000.0,157.666666666667
379,55000000.0,495,1133555.0,12603753.0,21066.9285714286,100000.0,32.3333333333333
380,40000000.0,522,968.0,12616398.0,18560.28,100000.0,146.333333333333
381,0.0,284,34194.0,6626539.0,18314.8571428571,77018.0,232.333333333333
382,25000000.0,228,2162164.0,4342000.0,20652.555555555602,80127.3333333333,209.333333333333
383,20000000.0,6275,356428.0,1364162.0,13071.2941176471,68649.6666666667,174.666666666667
384,0.0,13856,701.0,44958.0,43828.8333333333,100000.0,446.0
385,0.0,727,80.0,847158.0,13435.4444444444,58599.3333333333,167.333333333333
386,0.0,79953,91822.0,280896.0,10270.875,43386.6666666667,150.666666666667
387,38000000.0,2642,879494.0,7504212.0,11417.1818181818,40918.0,95.0
388,29000000.0,1323,3093125.0,9281256.0,17906.2608695652,100000.0,36.0
389,25000000.0,35,10474.0,56062.0,16903.6666666667,100000.0,109.666666666667
390,0.0,1234,6426.0,14478.0,18381.0,100000.0,164.666666666667
391,0.0,6289,157198.0,40400268.0,22277.2857142857,100000.0,149.333333333333
392,38000000.0,2310,3047930.0,9146304.0,16600.7222222222,77826.0,352.0
393,0.0,372,9949.0,20422.0,19086.28,89399.0,58.6666666666667
394,5000000.0,184509,4535.0,13605.0,21229.5833333333,70933.6666666667,358.333333333333
395,12000000.0,534,739055.0,16716144.0,20710.2105263158,100000.0,731.666666666667
396,0.0,101,329653.0,342633.0,18701.2222222222,54465.6666666667,241.0
397,0.0,39791,143731.0,10288053.0,27452.7291666667,100000.0,63.3333333333333
398,40000000.0,448,66859224.0,202322046.0,15954.121212121201,100000.0,27.6666666666667
399,40000000.0,15856,2659.0,130175410.0,23610.7083333333,100000.0,94.0
400,90000000.0,3778,1784940.0,6214098.0,14119.5,48805.0,140.666666666667
401,0.0,18821,6052.0,786174.0,21638.4285714286,100000.0,110.666666666667
402,0.0,0,506111.0,1520397.0,16477.7083333333,100000.0,76.0
403,0.0,20766,56467.0,10164129.0,27263.9230769231,98201.0,1011.33333333333
404,70000000.0,24172,12122.0,23510370.0,27499.4117647059,100000.0,427.333333333333
405,70000000.0,1,287892.0,912501.0,19245.055555555602,84160.6666666667,96.3333333333333
406,58800000.0,6013,12294.0,206895.0,22139.9333333333,100000.0,149.333333333333
407,5000000.0,4897,156.0,13849024.0,26512.4,100000.0,111.333333333333
408,65000000.0,5648,150387.0,13080207.0,20890.25,100000.0,92.3333333333333
409,38000000.0,2550241,3555784.0,30444387.0,34884.3333333333,100000.0,266.66666666666697
410,0.0,53485,244377.0,1032960.0,20972.3571428571,77892.3333333333,200.666666666667
411,21000000.0,11730,88528.0,1697814.0,21154.5,100000.0,140.0
412,0.0,32544,276647.0,553298.0,28497.7619047619,100000.0,76.6666666666667
413,12000000.0,2765,472662.0,3299516.0,24632.5833333333,89062.6666666667,510.666666666667
414,40000000.0,6222,4246807.0,8789724.0,13111.95,74814.3333333333,137.333333333333
415,30000000.0,972861,3043.0,12673071.0,26070.1,100000.0,42.3333333333333
416,65000000.0,8123,215161.0,655344.0,21700.9230769231,77892.3333333333,344.666666666667
417,70000000.0,836,16983.0,12187482.0,20494.7894736842,100000.0,130.0
418,16000000.0,2054,13489.0,3673926.0,21179.05,100000.0,65.6666666666667
419,17000000.0,4741,435863.0,1509735.0,36271.588235294104,100000.0,167.0
420,0.0,2,57469.0,57469.0,23431.8095238095,100000.0,125.333333333333
421,0.0,22,22486.0,3786136.0,18025.8636363636,83839.3333333333,63.0
422,0.0,4741,1363641.0,21483612.0,22786.2666666667,100000.0,130.0
423,0.0,19403,3255261.0,6512960.0,21584.3703703704,100000.0,54.0
424,15000000.0,51298,10169.0,249408.0,17428.555555555602,49895.3333333333,328.66666666666697
425,32000000.0,40864,8223253.0,26465374.0,32826.777777777796,100000.0,135.333333333333
426,0.0,2546,4029.0,189156.0,14041.04,100000.0,35.3333333333333
427,65000000.0,1019864,1528800.0,1531221.0,23842.5384615385,82686.6666666667,153.666666666667
428,0.0,33114,55501.0,111066.0,26036.6923076923,100000.0,223.333333333333
429,23600000.0,13450,238933.0,895923.0,21101.230769230802,100000.0,131.666666666667
430,22000000.0,261,9521.0,22238.0,33311.8181818182,100000.0,255.0
431,15000000.0,3140,5103592.0,5164153.0,27645.25,100000.0,283.66666666666697
432,120000000.0,412,1828775.0,6265509.0,31815.3888888889,100000.0,158.0
433,6000000.0,230,1089283.0,2178594.0,23853.2173913043,100000.0,199.666666666667
434,250000.0,22,831832.0,2563389.0,25779.344827586207,100000.0,42.3333333333333
435,34000000.0,97535,5522149.0,17713053.0,26333.4545454545,100000.0,546.333333333333
436,0.0,2243,18426.0,52655334.0,28656.8571428571,100000.0,504.666666666667
437,75000000.0,22685,1166.0,1202058.0,23791.6875,100000.0,251.666666666667
438,29000000.0,477,864623.0,6215520.0,15383.3888888889,74511.3333333333,93.3333333333333
439,0.0,477,455586.0,2684883.0,29156.7894736842,100000.0,135.0
440,53000000.0,2337,27061.0,250167.0,18325.2916666667,94128.0,91.0
441,35000000.0,1356,4042499.0,9212906.0,19258.7,80495.0,215.666666666667
442,0.0,14,224629.0,687771.0,16620.5625,76523.3333333333,98.3333333333333
443,0.0,402013,779688.0,3535530.0,14403.9473684211,79152.6666666667,23.6666666666667
444,30000000.0,495,188496.0,600516.0,9286.809523809521,46062.3333333333,148.0
445,0.0,53485,70982.0,259366.0,10269.875,42500.6666666667,68.6666666666667
446,40000000.0,5648,160205.0,48395322.0,15663.041666666699,100000.0,165.666666666667
447,60000000.0,71595,3732635.0,35204568.0,28642.1428571429,100000.0,421.0
448,55000000.0,592,24106.0,97089.0,33554.28,100000.0,39.6666666666667
449,15000000.0,12316,2926579.0,6790860.0,31906.4761904762,100000.0,73.0
450,40000000.0,3830,31003.0,8434788.0,18616.64,100000.0,116.333333333333
451,0.0,3830,43218.0,86794.0,18907.6666666667,44505.3333333333,876.0
452,80000000.0,42,8019491.0,10795497.0,27061.2222222222,100000.0,98.3333333333333
453,0.0,1045,52796.0,3942444.0,18599.0454545455,100000.0,57.6666666666667
454,65663276.0,5372,1369110.0,3230661.0,19216.875,100000.0,46.6666666666667
455,0.0,24010,1831867.0,15743584.0,19975.1666666667,70604.3333333333,127.666666666667
456,7000000.0,21917,9981.0,16316722.0,19794.5714285714,82258.3333333333,109.333333333333
457,74000000.0,76,30166.0,1644753.0,28724.7222222222,100000.0,459.666666666667
458,0.0,37,29009.0,29381.0,18754.6086956522,100000.0,98.6666666666667
459,0.0,53123,1872.0,38799.0,16960.48,100000.0,56.3333333333333
460,69000000.0,16,13871143.0,59004435.0,21364.058823529398,89655.3333333333,222.333333333333
461,26000000.0,4094,70606.0,341526.0,15807.1428571429,63641.6666666667,67.6666666666667
462,0.0,2054,16986.0,53163.0,21030.0625,100000.0,99.0
463,31000000.0,319684,2602231.0,5212846.0,30639.764705882404,100000.0,172.333333333333
464,25000000.0,3830,119753.0,241354.0,16187.8888888889,74974.6666666667,247.333333333333
465,29000000.0,2277087,1831801.0,24072048.0,18298.9545454545,94679.3333333333,76.6666666666667
466,0.0,35766,6082.0,18516.0,16664.8461538462,64260.3333333333,433.333333333333
467,0.0,159,9520479.0,28565007.0,17740.1071428571,100000.0,95.3333333333333
468,0.0,2085,372546.0,1120353.0,30804.6666666667,100000.0,225.666666666667
469,0.0,8849,879874.0,1859700.0,23489.230769230802,100000.0,112.0
470,0.0,24585,38447.0,242706.0,35474.1578947368,100000.0,306.66666666666697
471,0.0,7937,22162.0,87341.0,18867.8461538462,71961.0,71.3333333333333
472,30000000.0,24585,66842.0,270090.0,21798.3333333333,100000.0,303.0
473,0.0,334087,682.0,686.0,24967.6923076923,86914.0,112.0
474,28000000.0,5,2348.0,96573.0,20634.1428571429,87205.6666666667,253.666666666667
475,60000000.0,2,512242.0,3679782.0,24645.125,100000.0,165.333333333333
476,0.0,113917,5740.0,40087269.0,31939.6363636364,100000.0,393.0
477,0.0,0,131576.0,399102.0,31118.9583333333,100000.0,106.666666666667
478,10000000.0,517,2281925.0,6845787.0,15337.0476190476,78586.3333333333,336.66666666666697
479,0.0,670076,88174.0,50744720.0,19527.96,100000.0,64.3333333333333
480,0.0,116,3628455.0,10885836.0,16188.5,71828.3333333333,132.666666666667
481,0.0,8233,112103.0,895410.0,19959.5909090909,100000.0,62.0
482,34000000.0,11391,210195.0,1172306.0,20309.3571428571,91315.0,70.6666666666667
483,0.0,8,1372783.0,12416188.0,20593.5,79554.0,255.666666666667
484,28000000.0,6820,3.0,64577973.0,28043.590909090897,100000.0,153.666666666667
485,0.0,1758,70355.0,70441.0,18955.1,100000.0,122.0
486,0.0,5647,1132.0,28690.0,15240.9130434783,100000.0,47.3333333333333
487,60000000.0,3770,1826506.0,5487657.0,18872.4666666667,72216.0,95.6666666666667
488,1000000.0,659,186.0,6086814.0,24611.3571428571,100000.0,57.0
489,0.0,513,7833527.0,8716902.0,33300.6333333333,100000.0,38.0
490,50000000.0,1716,532664.0,1664196.0,14130.7647058824,71125.3333333333,119.333333333333
491,50000000.0,158,583065.0,3686036.0,25407.1904761905,100000.0,139.666666666667
492,0.0,788781,341095.0,6604710.0,15759.5333333333,68714.3333333333,85.6666666666667
493,30000000.0,10,85505.0,7965344.0,29303.421052631602,100000.0,129.666666666667
494,0.0,4897,36197.0,184354.0,12164.12,73445.6666666667,40.6666666666667
495,33000000.0,2388,26879.0,750357.0,15405.1818181818,49196.3333333333,251.333333333333
496,60000000.0,19783,1851364.0,6021495.0,18095.8421052632,93671.6666666667,64.0
497,0.0,854,159759.0,159762.0,14102.666666666699,100000.0,31.0
498,40000000.0,534,3750.0,45158715.0,19490.0625,86258.6666666667,151.333333333333
499,40000000.0,4319,8829923.0,93910398.0,20399.2777777778,84280.0,191.0
500,80000000.0,42,2418.0,6177378.0,24356.4761904762,100000.0,195.666666666667
501,35000000.0,3140,5556.0,38512402.0,13598.2941176471,71904.6666666667,84.0
502,37000000.0,2971762,6741.0,24427509.0,16077.7391304348,100000.0,46.0
503,10000000.0,4090,1979971.0,5948586.0,19382.28,100000.0,58.3333333333333
504,0.0,1287,16796.0,50618.0,27509.5,100000.0,514.333333333333
505,0.0,343,2583.0,8637.0,14634.1851851852,100000.0,14.0
506,58000000.0,878,325113.0,2389932.0,29441.6818181818,100000.0,163.666666666667
507,0.0,886,54644.0,221248.0,30064.25,76005.0,938.333333333333
508,30000000.0,90412,298705.0,953643.0,16690.5882352941,80727.6666666667,189.666666666667
509,40000000.0,2032,500112.0,1505823.0,33042.2608695652,100000.0,71.0
510,44500000.0,2971762,262.0,15556671.0,22010.96,100000.0,615.666666666667
511,23000000.0,33179,486307.0,43533843.0,29217.470588235297,100000.0,185.666666666667
512,2000000.0,33179,18581.0,37172.0,18946.8333333333,100000.0,511.333333333333
513,80000000.0,29,6215389.0,12431980.0,22030.75,100000.0,62.3333333333333
515,0.0,13,647.0,79108.0,19656.9130434783,100000.0,142.0
516,25000000.0,40,85119778.0,256573716.0,17689.7083333333,100000.0,77.3333333333333
517,0.0,532,3926545.0,11791374.0,14068.176470588201,66151.0,126.0
518,0.0,10713,195910.0,391822.0,17159.8,100000.0,94.3333333333333
519,73000000.0,15551,313.0,1701033.0,28128.5833333333,100000.0,132.333333333333
520,16000000.0,13040,8910.0,1536588.0,14507.0,70548.6666666667,99.3333333333333
521,0.0,266276,7994331.0,23983323.0,22058.6111111111,100000.0,281.66666666666697
522,28000000.0,1527,1242936.0,9752679.0,18700.8333333333,87711.3333333333,229.666666666667
523,0.0,2275,315.0,19419.0,18683.0769230769,100000.0,94.6666666666667
524,25000000.0,97918,78989.0,1213926.0,14652.6428571429,62428.3333333333,95.0
525,13300000.0,383,84495.0,372786.0,21446.7777777778,100000.0,85.6666666666667
526,50000000.0,5870,972330.0,2965416.0,21417.25,100000.0,174.333333333333
527,50000000.0,23,37522.0,15840027.0,11276.84,73926.6666666667,18.6666666666667
528,61000000.0,97535,178960.0,17103327.0,22501.764705882404,100000.0,117.0
529,0.0,1944,965105.0,1985300.0,20192.9166666667,72681.6666666667,102.666666666667
530,4000000.0,8,185667.0,1230423.0,24357.6153846154,88244.3333333333,196.0
531,0.0,1377,801362.0,4229271.0,12241.136363636399,70596.0,200.0
532,0.0,1377,4443551.0,13353174.0,17077.84,100000.0,31.6666666666667
533,0.0,158,718690.0,2179320.0,28620.7727272727,100000.0,90.6666666666667
534,45000000.0,159814,1399.0,3798099.0,22395.0833333333,66718.0,1408.33333333333
535,7500000.0,57575,7422.0,40565070.0,25580.7333333333,100000.0,138.0
536,6000000.0,2277087,642424.0,1761952.0,17430.0,74370.6666666667,317.33333333333303
537,0.0,719,402865.0,808200.0,16791.44,100000.0,251.666666666667
538,61000000.0,495,1302336.0,15854382.0,17930.5,100000.0,119.0
539,48000000.0,184509,6261981.0,21136600.0,15620.7333333333,69252.3333333333,267.33333333333303
540,0.0,465,4992.0,406113.0,17779.9166666667,61386.6666666667,184.333333333333
541,14800000.0,78970,780944.0,18592953.0,19362.7272727273,100000.0,83.3333333333333
542,8000000.0,1028,3197888.0,9620172.0,23915.8571428571,100000.0,108.666666666667
543,49000000.0,90412,5126.0,42147828.0,19900.9166666667,100000.0,27.3333333333333
544,0.0,1677,128998.0,546750.0,21252.2962962963,100000.0,115.666666666667
545,0.0,127369,24622.0,209346.0,22537.1923076923,100000.0,273.66666666666697
546,25000000.0,20917,713774.0,2256594.0,14725.666666666699,41549.0,340.0
547,0.0,6,82971.0,331884.0,24021.8,100000.0,226.333333333333
548,35000000.0,1967244,13406.0,3695085.0,22185.0,44209.6666666667,4406.0
549,4000000.0,640018,62864.0,214734.0,18950.75,44611.6666666667,836.666666666667
550,0.0,34,20157.0,60693.0,24876.5,100000.0,453.333333333333
551,5000000.0,274875,62932.0,134028.0,15942.277777777801,79535.6666666667,115.0
552,35000000.0,20917,67.0,8224194.0,24366.0,100000.0,29.3333333333333
553,9900000.0,52,544047.0,1094252.0,19113.4736842105,100000.0,277.66666666666697
554,7216312.0,15318,256291.0,1377741.0,17014.875,100000.0,60.3333333333333
555,40000000.0,1525556,7029658.0,21705915.0,16781.388888888898,75740.3333333333,215.333333333333
556,0.0,1981,240278.0,482546.0,21450.4117647059,89062.6666666667,98.0
557,66000000.0,166,575.0,8617254.0,16397.96,100000.0,175.0
558,60000000.0,98456,4498.0,20233962.0,14322.933333333302,56910.0,156.333333333333
560,0.0,1367768,1373471.0,2746942.0,18123.0,100000.0,220.333333333333
561,45000000.0,142,616845.0,4205056.0,19474.4666666667,82633.6666666667,130.333333333333
562,27000000.0,8144,41641.0,409416.0,15509.416666666699,100000.0,49.0
563,245000000.0,84,7044.0,53061.0,30235.4545454545,100000.0,712.0
564,30000000.0,2771,1574581.0,4214530.0,13606.6470588235,70868.3333333333,58.6666666666667
566,0.0,11895,6936.0,1594116.0,21095.0666666667,100000.0,114.666666666667
567,0.0,600203,692819.0,2650724.0,18738.6086956522,100000.0,78.3333333333333
568,0.0,42,691.0,3172665.0,31277.555555555602,79457.6666666667,1147.3333333333298
569,0.0,68415,8093.0,8100.0,25347.823529411802,100000.0,105.333333333333
570,52000000.0,46892,7979.0,3832692.0,39616.375,100000.0,226.333333333333
571,0.0,11895,11375.0,117762.0,22815.44,100000.0,78.6666666666667
572,0.0,2016,9234.0,37935.0,14198.708333333301,100000.0,36.0
573,0.0,3,58442022.0,175414761.0,29692.444444444398,100000.0,207.666666666667
574,4000000.0,327,45371191.0,91199890.0,14993.8421052632,79706.0,139.666666666667
575,5000000.0,27847,30507.0,3853356.0,23395.9047619048,100000.0,132.666666666667
576,70000000.0,2376482,490597.0,1906788.0,18547.5,100000.0,67.6666666666667
577,0.0,154642,1110300.0,8086788.0,30122.375,100000.0,161.666666666667
578,80000000.0,2917592,229112.0,10556313.0,18396.0,53545.6666666667,1068.6666666666702
579,17000000.0,24350,58470.0,197800.0,15922.7058823529,73378.6666666667,292.0
580,3000000.0,113885,7584.0,17832.0,30184.8260869565,100000.0,164.333333333333
581,7500000.0,166838,1479004.0,6688520.0,23555.5,89017.6666666667,338.66666666666697
582,0.0,390,376.0,31980564.0,17048.111111111102,80201.0,160.0
583,27000000.0,2374,24450.0,165108.0,13210.066666666698,53128.3333333333,574.666666666667
584,40000000.0,1744,2950169.0,7260068.0,24796.56,100000.0,69.6666666666667
585,35000000.0,2793,488965.0,1277122.0,28512.0,100000.0,346.666666666667
586,8000000.0,32,250926.0,12123518.0,20380.3333333333,79212.6666666667,118.333333333333
587,6000000.0,546,550337.0,3355290.0,30831.72,100000.0,40.0
588,0.0,1260,567.0,939645.0,17561.4117647059,76366.0,476.666666666667
589,170000000.0,211,284428.0,6182277.0,12260.9047619048,71475.0,47.0
590,0.0,1838,2035.0,8155332.0,27490.6875,100000.0,472.666666666667
591,0.0,41,1974809.0,1977401.0,25329.8333333333,47069.0,3590.666666666669
592,40000000.0,7,3518201.0,8408636.0,15271.529411764699,73178.3333333333,356.666666666667
593,40000000.0,5561,5962132.0,19944747.0,16074.3888888889,77710.6666666667,212.0
594,50000000.0,750,27480.0,14339967.0,22471.2380952381,100000.0,68.0
595,65000000.0,60828,314167.0,951051.0,36229.84,100000.0,143.666666666667
596,75000000.0,2016,60.0,473286.0,19931.9473684211,84337.6666666667,342.66666666666697
597,0.0,3140,45798.0,40077648.0,24266.7333333333,100000.0,350.0
598,13000000.0,34769,35927.0,107922.0,18254.8571428571,76520.6666666667,132.666666666667
599,0.0,1560,10515.0,82278.0,23760.0,68367.3333333333,488.333333333333
600,12600000.0,3,1317.0,53040.0,24840.8461538462,100000.0,190.0
601,20000000.0,14640,3060973.0,23681898.0,18606.875,100000.0,97.6666666666667
602,20000000.0,97918,119794.0,9498474.0,24368.4545454545,75153.3333333333,417.333333333333
603,20000000.0,6820,138489.0,901992.0,13396.777777777801,52910.6666666667,75.3333333333333
604,0.0,232,256233.0,9329457.0,19010.5454545455,64706.0,262.33333333333303
605,0.0,349036,8854013.0,26563398.0,23989.1428571429,100000.0,166.333333333333
606,60000000.0,13450,28055.0,6869610.0,27481.3928571429,100000.0,119.333333333333
607,0.0,144,51380.0,8420283.0,33384.6428571429,100000.0,449.666666666667
608,0.0,0,9199.0,81465.0,24926.4615384615,82499.3333333333,254.333333333333
609,0.0,238,207517.0,415882.0,14865.1428571429,55335.3333333333,221.333333333333
611,2000000.0,273,76409.0,547672.0,22560.352941176494,82588.0,140.0
612,35000000.0,6034,977701.0,5723408.0,14981.7272727273,49302.0,301.0
613,0.0,168,67198.0,67782.0,15491.2352941176,73175.0,149.666666666667
614,85000000.0,1967244,1799878.0,5468247.0,20504.1764705882,100000.0,73.3333333333333
615,60000000.0,2771,1659.0,3711489.0,15091.380952381001,75316.3333333333,85.0
616,0.0,930,44.0,94.0,18216.0,83398.3333333333,144.333333333333
617,30000000.0,7,11289.0,267852.0,21952.7727272727,100000.0,505.333333333333
618,3000000.0,4195099,53851.0,15465783.0,13203.8181818182,79187.6666666667,99.0
619,0.0,1275,3003.0,9798852.0,21525.0833333333,73776.0,323.66666666666697
620,0.0,378,49590.0,49594.0,32262.25,100000.0,362.333333333333
621,50000000.0,1173,103207.0,7825050.0,17767.8,79540.3333333333,118.666666666667
622,0.0,15183,4209.0,22103217.0,40617.3684210526,100000.0,596.666666666667
623,7000000.0,15294,222351.0,788568.0,21211.45,100000.0,184.0
624,70000000.0,1179,327025.0,1621029.0,23933.047619047597,100000.0,74.6666666666667
625,0.0,8982,894287.0,1961200.0,12065.3181818182,74128.0,72.3333333333333
626,19000000.0,183,3876547.0,3905994.0,18912.941176470602,87964.3333333333,168.0
627,48000000.0,259,924.0,597360.0,16284.875,100000.0,126.333333333333
629,0.0,4597,217.0,796809.0,14072.5,47148.0,173.0
630,30000000.0,34,137233.0,639582.0,34894.0,100000.0,235.333333333333
631,0.0,40864,39742.0,8295564.0,25765.8064516129,100000.0,245.0
632,0.0,5652,1447.0,5580.0,17890.5,44611.6666666667,628.666666666667
633,180000000.0,3309,122844.0,368766.0,25104.125,100000.0,216.333333333333
634,30000000.0,2388864,1284970.0,19208124.0,23659.347826087003,100000.0,146.666666666667
635,32000000.0,349036,236024.0,1828209.0,18981.7619047619,100000.0,93.3333333333333
636,1000000.0,5652,681471.0,2046093.0,14407.529411764699,70538.0,149.666666666667
637,50000000.0,17362,1652798.0,1655087.0,27759.571428571402,100000.0,161.0
638,55000000.0,82191,8099582.0,16537216.0,26818.0,100000.0,492.0
639,0.0,3047,18637.0,57951.0,11448.454545454499,38384.6666666667,241.666666666667
640,0.0,6222,94142.0,7960496.0,29989.1052631579,100000.0,115.333333333333
641,0.0,10009,426811.0,1280907.0,29735.3157894737,100000.0,200.666666666667
642,0.0,3536,99809.0,299502.0,18667.4285714286,100000.0,129.666666666667
643,33000000.0,6013,123505.0,123596.0,34880.0,100000.0,955.333333333333
644,20000000.0,1480,7943.0,78002.0,26677.4074074074,100000.0,170.333333333333
645,0.0,537,10084.0,30852.0,12584.1333333333,51670.6666666667,133.333333333333
646,0.0,417,837.0,14408.0,17901.0,74028.0,121.0
647,0.0,2221,51619.0,988905.0,34505.0416666667,100000.0,111.0
648,50000000.0,34713,15982.0,127122.0,22650.92,100000.0,242.666666666667
649,0.0,81,1193263.0,3581904.0,15760.8888888889,40361.6666666667,239.666666666667
650,0.0,800151,891556.0,27439156.0,14475.470588235301,71679.6666666667,220.666666666667
651,0.0,6229,3431.0,3489.0,31660.2903225806,100000.0,72.6666666666667
652,4000000.0,72,395368.0,396700.0,23697.7777777778,68871.6666666667,115.666666666667
653,0.0,13262,60197.0,190023.0,10053.55,46298.0,101.666666666667
654,0.0,112789,321987.0,322718.0,15378.1904761905,100000.0,71.6666666666667
655,27000000.0,472,766.0,24767088.0,18445.9,100000.0,317.66666666666697
656,0.0,11152,10419417.0,46438704.0,22645.0,69768.3333333333,121.333333333333
657,19000000.0,2971762,165879.0,756621.0,23719.8125,100000.0,177.666666666667
658,43000000.0,2179331,1088547.0,3356091.0,22552.7857142857,86481.0,200.0
659,0.0,147,2280.0,4752.0,16630.2857142857,72789.0,233.0
660,0.0,24585,8655.0,28224.0,40058.5789473684,100000.0,151.666666666667
661,0.0,1273,1267.0,87674880.0,17806.5833333333,54363.3333333333,235.333333333333
662,68000000.0,14263154,11302.0,56212059.0,32965.4375,100000.0,207.0
663,26000000.0,88925,2269.0,57234771.0,20526.4285714286,75307.0,472.666666666667
664,0.0,653,2623699.0,7951608.0,11530.0,46726.0,82.6666666666667
665,0.0,341,55634.0,271269.0,19295.2857142857,75736.0,294.33333333333303
666,15000000.0,789,28922.0,19045506.0,15733.578947368402,78167.0,115.666666666667
667,18000000.0,20403,219884.0,809530.0,22999.764705882404,97879.3333333333,250.0
668,0.0,20403,4695505.0,22815177.0,24567.1111111111,100000.0,94.6666666666667
669,0.0,2642,747175.0,3408264.0,25872.88,100000.0,49.3333333333333
670,8500000.0,20403,7765365.0,8069738.0,24189.6818181818,100000.0,108.666666666667
671,0.0,1,23167.0,70458.0,27509.0,100000.0,476.333333333333
672,0.0,11156,852.0,171858.0,14577.083333333301,100000.0,176.0
673,0.0,14519,34378.0,774627.0,38548.29411764712,100000.0,985.666666666667
674,60000000.0,7071,1159981.0,5696025.0,13250.5925925926,85727.0,53.3333333333333
675,55000000.0,82191,305202.0,2101098.0,14538.6428571429,58496.3333333333,343.0
676,15000000.0,18170,2622.0,64682.0,12935.826086956498,76053.0,112.333333333333
677,0.0,7937,17971.0,35958.0,13708.8181818182,40566.0,1854.66666666667
678,85000000.0,1188,29313.0,25342119.0,26013.6923076923,100000.0,91.3333333333333
679,0.0,122,26837.0,193413.0,27918.3888888889,100000.0,118.333333333333
680,65000000.0,839,35225.0,7243722.0,13155.333333333301,41212.6666666667,932.666666666667
681,0.0,337,59724536.0,119449208.0,24540.5,100000.0,51.3333333333333
682,100000000.0,839,143918.0,2010837.0,21948.9583333333,100000.0,25.0
683,0.0,1527,22106.0,60318.0,21124.3,67757.6666666667,304.33333333333303
684,0.0,942,1648160.0,4945605.0,12330.846153846202,47517.0,69.3333333333333
686,0.0,137810,2627.0,25368.0,17998.6666666667,51759.6666666667,120.333333333333
687,50000000.0,14263154,3455207.0,43294180.0,14315.0,76815.0,101.666666666667
688,58000000.0,266,278.0,516957.0,27228.6363636364,100000.0,101.666666666667
689,24000000.0,11391,44871.0,42480189.0,20277.375,78168.0,49.6666666666667
690,0.0,2666,249867.0,756036.0,16387.75,71145.3333333333,120.333333333333
691,50200000.0,34,6.0,61446.0,12091.75,40476.3333333333,781.333333333333
692,50000000.0,303,954.0,29632834.0,25031.7826086957,100000.0,194.0
693,0.0,5647,66815.0,225222.0,25379.0,100000.0,73.0
694,0.0,303,69016.0,138050.0,21872.8333333333,77288.0,71.3333333333333
695,50000000.0,47515,2754476.0,28786281.0,18841.1428571429,92676.0,108.666666666667
696,6800000.0,886,371.0,1200.0,23468.071428571402,100000.0,216.0
697,0.0,34203,32184.0,11981950.0,19844.5333333333,77384.3333333333,81.3333333333333
698,30000000.0,53124,802979.0,805427.0,27531.1538461538,100000.0,243.0
699,9000000.0,691,5147.0,718260.0,15962.916666666699,56515.3333333333,125.0
700,0.0,4897,1412.0,8254692.0,23507.5333333333,100000.0,50.3333333333333
701,80000000.0,42,315491.0,8367804.0,16604.1052631579,81016.0,119.666666666667
702,5000000.0,12,43637.0,88278.0,14603.8947368421,71723.6666666667,196.0
703,40000000.0,7071,6870929.0,44905893.0,18764.1578947368,100000.0,137.0
704,35000000.0,1028,122045.0,130415254.0,11338.4,68530.3333333333,79.6666666666667
705,16500000.0,8144,51644.0,8850987.0,23789.1428571429,100000.0,127.333333333333
706,0.0,12,303546.0,308228.0,11223.8695652174,70460.0,63.3333333333333
707,58000000.0,234238,150430.0,167244.0,22741.9545454545,100000.0,92.6666666666667
708,40000000.0,32870,233.0,46783956.0,39520.9230769231,100000.0,276.66666666666697
709,0.0,651,4466.0,30837.0,25341.0625,100000.0,113.333333333333
711,0.0,54,232158.0,7546838.0,8325.66666666667,38592.6666666667,119.0
712,70000000.0,20917,188713.0,66508077.0,11625.5625,45301.6666666667,244.0
713,0.0,77766,1204.0,145230.0,9635.1052631579,46561.0,120.0
714,29000000.0,20360,309879.0,3974843.0,22689.956521739103,100000.0,192.333333333333
715,0.0,40996,13325427.0,40244343.0,32822.0833333333,100000.0,407.333333333333
716,0.0,813244,387722.0,1191504.0,16860.6086956522,100000.0,62.0
717,0.0,486400,1481175.0,52524924.0,15632.8888888889,72956.3333333333,332.33333333333303
718,40000000.0,14263154,14289721.0,46597527.0,22144.619047619,100000.0,57.3333333333333
719,0.0,98794,1007591.0,1007843.0,29427.25,100000.0,402.0
720,25000000.0,749,787079.0,4579473.0,23227.8,87531.6666666667,288.66666666666697
721,9000000.0,53485,125043.0,258858.0,27708.952380952403,100000.0,104.666666666667
722,0.0,749,2330.0,7987752.0,16688.1176470588,74463.3333333333,466.666666666667
723,5000000.0,53485,1461811.0,2924526.0,20850.7142857143,83723.6666666667,493.0
724,0.0,6522,832.0,17124.0,25150.368421052597,100000.0,158.0
725,65000000.0,104324,49867.0,8105559.0,11383.846153846202,41746.0,79.6666666666667
726,0.0,1,50431.0,151293.0,39092.0909090909,100000.0,557.333333333333
727,25000000.0,532,954.0,1485822.0,27123.5384615385,100000.0,150.333333333333
728,0.0,258,67745.0,511766.0,16388.3333333333,72860.6666666667,134.333333333333
729,0.0,2844,2075391.0,2134864.0,19312.2222222222,53324.3333333333,1146.3333333333298
730,0.0,407,120013.0,790954.0,18809.75,77892.3333333333,545.333333333333
731,0.0,1261924,1260634.0,31761812.0,18931.0,83439.3333333333,126.333333333333
732,0.0,2409,2772466.0,8335848.0,17448.72,100000.0,526.333333333333
733,80000000.0,19783,117572.0,4123995.0,9242.43333333333,72082.6666666667,109.0
734,3000000.0,517,354509.0,4847382.0,26367.5,100000.0,168.0
735,0.0,670076,27773054.0,159171720.0,14028.5,74274.6666666667,20.3333333333333
736,12000000.0,5405,10414240.0,31243362.0,28256.2222222222,100000.0,368.333333333333
737,0.0,20632,4777586.0,4806081.0,14050.125,35777.3333333333,353.0
738,0.0,1345,9095.0,3086148.0,22494.2142857143,83595.6666666667,563.333333333333
739,70000000.0,184509,22580.0,1414395.0,13011.8484848485,100000.0,78.0
740,35000000.0,257011,10374.0,28078388.0,33018.2941176471,100000.0,245.666666666667
741,0.0,479764,22420.0,47318.0,20552.3636363636,100000.0,447.666666666667
742,0.0,87271,490432.0,1459222.0,8322.04347826087,48286.0,36.3333333333333
743,0.0,506,234260.0,234342.0,21269.652173913,100000.0,127.666666666667
744,0.0,114663,1530.0,21804.0,30169.647058823506,100000.0,215.333333333333
745,30000000.0,3846,2372.0,34242.0,20865.4545454545,100000.0,17.0
746,26000000.0,2016,4938.0,44972115.0,12750.25,76417.0,182.0
747,20000000.0,375,7759012.0,24125358.0,25125.2,79090.6666666667,179.666666666667
748,4000000.0,1763,604.0,1187146.0,10511.0833333333,40593.3333333333,86.6666666666667
749,0.0,13384084,14175.0,40019259.0,16760.8421052632,86466.6666666667,160.666666666667
750,55000000.0,8,638.0,47957379.0,28535.0416666667,100000.0,47.6666666666667
751,0.0,494,75518.0,179096.0,12855.222222222199,36569.0,535.333333333333
752,0.0,1885,1221.0,222813.0,25131.3157894737,100000.0,54.0
753,80000000.0,1559,192476.0,185519154.0,20340.75,80928.3333333333,248.333333333333
754,30000000.0,117724,304119.0,738278.0,8782.53846153846,35776.0,98.6666666666667
755,30000000.0,1525556,1794.0,5777109.0,16440.1363636364,85261.0,127.333333333333
756,24000000.0,2085,550207.0,22096976.0,17964.5185185185,100000.0,61.0
757,0.0,12,378.0,1134.0,13005.277777777801,72161.3333333333,202.333333333333
758,42000000.0,457,35562.0,7401483.0,25177.7894736842,100000.0,297.66666666666697
759,25000000.0,2274,18094665.0,36287326.0,20874.4666666667,100000.0,145.333333333333
760,0.0,2535,1525.0,35487.0,25238.2142857143,100000.0,606.666666666667
761,76000000.0,16,7412367.0,39682806.0,32476.4166666667,100000.0,42.3333333333333
762,28000000.0,6053,208802.0,4031370.0,24388.4166666667,79242.6666666667,469.666666666667
763,0.0,2085,15134.0,116973.0,17023.6875,73454.3333333333,277.33333333333303
764,15000000.0,6522,21283.0,157992.0,27907.368421052597,96530.6666666667,488.666666666667
765,60000000.0,12317,281858.0,955878.0,26161.4375,100000.0,848.0
766,25000000.0,20403,72977.0,19922986.0,28761.1052631579,100000.0,168.333333333333
767,25000000.0,495,23322.0,17506647.0,15472.846153846202,100000.0,61.3333333333333
768,200000000.0,909,4622.0,225126.0,10574.8095238095,50869.6666666667,53.6666666666667
769,0.0,9396,391.0,5230722.0,38447.75,100000.0,88.3333333333333
770,0.0,26449,2801107.0,8411571.0,21104.1904761905,100000.0,167.333333333333
771,0.0,8542,425089.0,1515063.0,22277.578947368398,100000.0,146.0
772,0.0,342,194371.0,586206.0,29154.526315789502,100000.0,343.33333333333303
773,15000000.0,342,2265.0,2963040.0,18657.0833333333,61573.6666666667,78.0
774,0.0,3846,218461.0,1413816.0,15631.6428571429,67999.6666666667,415.0
775,0.0,4741,4673.0,2966174.0,26398.6363636364,85482.6666666667,385.333333333333
776,45000000.0,9263,5055.0,98994.0,35797.5789473684,100000.0,424.333333333333
777,35000000.0,15638,297110.0,891336.0,40910.1818181818,100000.0,229.0
778,18000000.0,3140,118171.0,1176171.0,23216.263157894704,100000.0,218.333333333333
779,6500000.0,43,46028.0,344394.0,19071.0625,75754.0,212.0
780,0.0,43,455321.0,911498.0,22378.6296296296,100000.0,125.333333333333
781,0.0,43,820759.0,6105444.0,29483.428571428598,100000.0,123.0
782,30000000.0,215545,29583.0,197268.0,13509.0,37955.0,135.0
783,0.0,956,8669.0,17650.0,29007.0,100000.0,600.333333333333
784,0.0,151,41406.0,136874.0,14182.0769230769,55061.6666666667,105.0
785,0.0,2614,36426.0,418539.0,15702.3076923077,100000.0,55.6666666666667
786,0.0,2296,1384199.0,4250820.0,15955.1428571429,51405.6666666667,794.0
787,67000000.0,310487,372731.0,3855939.0,36613.35,100000.0,526.333333333333
788,20000000.0,156,1167361.0,1324979.0,24094.625,100000.0,113.0
789,24000000.0,2917592,663264.0,7145636.0,29854.375,100000.0,153.333333333333
790,22000000.0,1690,255572.0,707694.0,25135.2941176471,100000.0,60.6666666666667
791,0.0,12883,46.0,384196.0,30008.6923076923,100000.0,298.0
792,70000000.0,10421,12820.0,19458234.0,29763.6875,100000.0,143.0
793,65000000.0,9547,497150.0,788732.0,11743.8,47146.3333333333,50.3333333333333
794,0.0,84,49219.0,3112563.0,14501.424242424198,100000.0,52.0
795,0.0,4872,15.0,40.0,28047.875,72475.0,622.0
796,0.0,71,310506.0,1690413.0,12525.2727272727,75736.0,49.6666666666667
797,0.0,1997,15696.0,51084.0,17141.125,73444.3333333333,225.333333333333
798,0.0,18807,1031.0,58388.0,12414.071428571398,49935.3333333333,305.33333333333303
799,0.0,8982,1437.0,1101389.0,12629.214285714299,47964.3333333333,121.0
800,31000000.0,10437,811086.0,1743592.0,22300.647058823506,83091.3333333333,212.333333333333
801,0.0,2034,81635.0,245946.0,34961.5652173913,100000.0,68.6666666666667
802,0.0,92,28123.0,29661.0,15918.3684210526,72963.6666666667,82.6666666666667
803,40000000.0,29,1579257.0,4883799.0,17406.0909090909,56064.6666666667,61.3333333333333
804,35000000.0,72,193319.0,13854663.0,31190.7,100000.0,341.33333333333303
805,0.0,61417,8594196.0,31869818.0,22690.4375,100000.0,47.0
806,0.0,4741,8594196.0,17336722.0,33379.5625,100000.0,328.66666666666697
807,0.0,29031,6642948.0,13439390.0,20255.7368421053,100000.0,98.3333333333333
808,21000000.0,2771,1462.0,4541412.0,19818.058823529398,100000.0,125.0
810,55000000.0,6013,4053.0,621498.0,20895.9545454545,100000.0,36.0
811,16000000.0,1194,157596.0,1058788.0,18789.230769230802,100000.0,47.0
812,0.0,313,1176089.0,5391177.0,33171.9615384615,100000.0,38.6666666666667
813,0.0,45311,13471.0,30345.0,10911.28,70273.0,287.0
814,0.0,25227,65.0,5627030.0,13912.823529411799,69637.6666666667,255.0
815,0.0,25227,93100.0,952722.0,25658.9375,100000.0,111.666666666667
816,0.0,3155,539.0,2698672.0,21701.0869565217,100000.0,80.6666666666667
817,0.0,3183,22837.0,115131.0,19115.0526315789,100000.0,401.0
818,21000000.0,1690,202673.0,1112728.0,29094.421052631602,100000.0,153.0
819,0.0,41,1302.0,2626.0,23618.0,100000.0,111.333333333333
820,0.0,127565,1111842.0,3342153.0,24533.0,100000.0,73.6666666666667
821,65000000.0,1772,2767270.0,23848970.0,11563.1818181818,39482.0,193.666666666667
822,15000000.0,3,6593.0,197062.0,13655.0555555556,73953.6666666667,63.0
823,38000000.0,150486,1343826.0,7359324.0,12619.846153846202,50676.6666666667,202.333333333333
824,0.0,150486,557105.0,17135670.0,14229.041666666699,100000.0,86.6666666666667
825,35000000.0,7700,35461.0,1940544.0,19041.619047619,100000.0,91.6666666666667
826,0.0,3362,2309.0,6927.0,16615.0,39656.0,901.666666666667
827,35000000.0,1323,31944372.0,95842698.0,27127.6666666667,100000.0,715.666666666667
828,0.0,10683,5558.0,1690293.0,20516.875,93729.0,57.0
829,0.0,671,2499635.0,2589328.0,17527.5625,74693.6666666667,313.66666666666697
830,32000000.0,77766,30528.0,1814916.0,26924.444444444398,100000.0,249.666666666667
831,0.0,470,657347.0,33368960.0,9653.35294117647,40231.3333333333,84.6666666666667
832,24000000.0,25227,262050.0,787125.0,22177.1153846154,100000.0,81.0
833,35000000.0,9185,14760.0,30018.0,39388.0689655172,100000.0,67.3333333333333
834,35000000.0,2388864,199620.0,590922.0,26778.8888888889,100000.0,466.333333333333
835,65000000.0,0,1241292.0,4443120.0,17043.7272727273,100000.0,21.6666666666667
836,50000000.0,2917592,482007.0,10174683.0,21624.0476190476,100000.0,166.666666666667
837,0.0,310487,912649.0,2740713.0,35142.1111111111,100000.0,306.0
838,35000000.0,82,849.0,5329533.0,29773.571428571402,100000.0,274.0
839,0.0,2016,267603.0,802809.0,15937.4,100000.0,84.6666666666667
840,38000000.0,72,141198.0,3917704.0,17676.8636363636,84681.6666666667,144.666666666667
841,30000000.0,10,4196898.0,8433758.0,13935.2,43688.3333333333,154.0
842,0.0,10332,56024.0,2873910.0,33008.0625,100000.0,276.0
843,33000000.0,199,21135.0,24855879.0,15276.5,76356.6666666667,443.666666666667
844,0.0,1774,200581.0,855934.0,14932.954545454499,82829.3333333333,139.666666666667
845,0.0,258,701047.0,2547306.0,43661.636363636404,100000.0,949.333333333333
846,0.0,21917,2214.0,191600.0,31852.2777777778,100000.0,378.333333333333
847,15000000.0,677481,3533890.0,17426760.0,22252.3571428571,87205.6666666667,148.0
848,0.0,109,328929.0,1105053.0,31874.4782608696,100000.0,145.333333333333
850,0.0,28,2873568.0,27406425.0,24744.529411764703,100000.0,58.6666666666667
851,0.0,1185,140124.0,423528.0,9823.42857142857,40189.0,268.33333333333303
852,20000000.0,11391,47091.0,3647235.0,31301.1904761905,100000.0,76.3333333333333
853,0.0,7,8918.0,26763.0,8207.1,39864.6666666667,102.666666666667
854,0.0,1033,358207.0,1074630.0,16678.8461538462,100000.0,188.333333333333
855,60000000.0,390,106.0,93462.0,25966.3181818182,100000.0,81.0
856,12000000.0,894,0.0,446019.0,13052.875,54266.6666666667,280.66666666666697
857,15000000.0,4026,41665.0,125511.0,24221.375,100000.0,217.666666666667
858,0.0,5,14803130.0,53560827.0,17213.7777777778,77198.0,60.6666666666667
859,0.0,14,254704.0,765820.0,12292.333333333301,73672.0,84.3333333333333
860,10000000.0,172555,21537427.0,21716630.0,20335.230769230802,100000.0,45.3333333333333
861,0.0,3505,76.0,2528448.0,16955.133333333302,75184.6666666667,59.6666666666667
862,0.0,730,258609.0,458964.0,17439.25,46027.0,204.333333333333
863,0.0,13856,3262.0,14185.0,22224.25,97514.6666666667,61.6666666666667
864,24000000.0,52274,1369707.0,4112628.0,24298.7058823529,100000.0,336.66666666666697
865,11000000.0,323,46233.0,9320127.0,13630.3703703704,100000.0,67.0
866,0.0,11569,202794.0,203046.0,15197.315789473701,75740.0,95.0
867,0.0,23918,39632.0,79266.0,20984.7272727273,71553.6666666667,109.333333333333
868,72500000.0,1019864,256207.0,5245041.0,26600.548387096802,100000.0,57.3333333333333
869,0.0,15735,13107.0,13483.0,41664.736842105296,100000.0,130.666666666667
870,2500000.0,677481,4457321.0,13641442.0,18282.3157894737,90028.3333333333,293.66666666666697
871,70000000.0,287,46597.0,236010.0,22858.2142857143,83134.0,568.666666666667
872,0.0,5,66250.0,492868.0,22308.4782608696,100000.0,230.666666666667
873,68000000.0,2635,10513.0,1104384.0,16885.0434782609,84844.6666666667,126.666666666667
875,20000000.0,34,29782.0,27674558.0,13842.625,69392.3333333333,48.0
876,38000000.0,27,10415.0,1944852.0,30071.1851851852,100000.0,56.6666666666667
877,0.0,11569,6870.0,20625.0,14239.826086956498,82642.3333333333,144.0
878,30000000.0,172555,1624356.0,90647670.0,15069.32,100000.0,73.0
881,8000000.0,2,32495.0,3624514.0,28228.5238095238,100000.0,185.333333333333
882,0.0,3938,900.0,2372836.0,15734.6923076923,58741.3333333333,121.333333333333
883,0.0,65882,1293574.0,9220053.0,14417.75,71294.0,191.333333333333
884,26000000.0,5009,571915.0,1719252.0,18218.9259259259,100000.0,140.0
885,7000000.0,445299,235099.0,23196879.0,16837.9,100000.0,247.333333333333
886,28000000.0,104324,9723.0,4573830.0,10798.6842105263,58373.0,37.6666666666667
887,0.0,18821,253355.0,1262517.0,22172.6176470588,100000.0,25.0
888,20000000.0,3140,2748.0,2120925.0,18275.2142857143,77535.6666666667,137.333333333333
889,0.0,614,444333.0,5906778.0,21868.769230769198,85009.6666666667,104.0
890,2000000.0,510,152851.0,462837.0,26039.1666666667,87016.0,365.666666666667
891,0.0,81,1949715.0,1952158.0,9260.15384615385,38755.0,64.0
892,0.0,3362363,131819.0,424692.0,25142.1538461538,83194.6666666667,132.333333333333
893,0.0,5614,429016.0,865976.0,33309.3333333333,100000.0,420.0
894,35000000.0,10437,166.0,12955089.0,25922.4545454545,100000.0,75.0
895,0.0,5614,52429.0,157731.0,26693.551724137906,100000.0,93.6666666666667
896,0.0,701,14997843.0,30004124.0,21149.5,100000.0,87.6666666666667
897,20000000.0,19783,22214.0,1590669.0,13347.454545454499,41349.3333333333,236.333333333333
898,75000000.0,266276,7167201.0,25303920.0,16840.8571428571,69471.0,147.333333333333
899,40000000.0,225726,8630311.0,17262998.0,21636.25,100000.0,127.0
900,15000000.0,242014,3378139.0,10135992.0,15858.7272727273,55214.0,128.666666666667
901,0.0,5561,281898.0,851469.0,23112.571428571402,100000.0,82.0
902,0.0,92,26079136.0,26555347.0,36265.517241379304,100000.0,31.6666666666667
903,0.0,168,107.0,14597.0,35401.9411764706,100000.0,199.333333333333
904,0.0,5950,729151.0,1458760.0,18378.1538461538,100000.0,125.333333333333
905,13000000.0,190,195605.0,658002.0,11846.571428571398,44167.3333333333,457.0
906,65000000.0,1028,35389.0,16305504.0,18476.7083333333,100000.0,38.6666666666667
907,0.0,1155,447886.0,1690731.0,23980.2,100000.0,116.666666666667
908,17000000.0,5,7634368.0,9194112.0,24100.1290322581,100000.0,64.0
909,20000000.0,72,608150.0,1224126.0,20081.1666666667,100000.0,115.333333333333
910,49900000.0,472,2960.0,249972.0,39059.117647058796,100000.0,803.666666666667
911,40000000.0,31,108975.0,218806.0,36940.1111111111,100000.0,509.0
912,20000000.0,31,26401.0,72866.0,8766.263157894742,43525.3333333333,137.0
913,0.0,1483,3921.0,3921.0,18521.9090909091,100000.0,57.0
914,20000000.0,2323805,39689.0,146847.0,24118.95,100000.0,293.66666666666697
915,35000000.0,2323805,21151.0,1453383.0,37830.3571428571,100000.0,606.333333333333
916,0.0,25379607,25292887.0,75878952.0,23021.2105263158,100000.0,101.333333333333
917,0.0,1774,179500.0,2497353.0,17119.2857142857,100000.0,121.666666666667
918,60000000.0,839,379319.0,5602584.0,14592.88,77932.0,114.333333333333
919,0.0,3,16655.0,17272.0,19114.0,100000.0,96.6666666666667
920,19500000.0,4491,526187.0,1662345.0,21071.055555555602,100000.0,138.666666666667
921,10200000.0,274875,449248.0,451635.0,24667.133333333306,100000.0,256.66666666666697
922,0.0,557522,752702.0,2314881.0,11566.25,40982.0,147.333333333333
923,0.0,1275,330956.0,1313218.0,16695.2727272727,53090.0,253.666666666667
924,30000000.0,281,4443667.0,14781546.0,23828.5454545455,77295.6666666667,163.333333333333
